--
-- Group Number: 15
-- Group Members:
--   1. GOH YI HENG, RAYNER
--   2. JOVAN TEO YI
--   3. MAI KAI LER
--   4. NICHA ING SEE
--

-- Insert Regions 
INSERT INTO regions (name) VALUES ('Africa');
INSERT INTO regions (name) VALUES ('Asia');
INSERT INTO regions (name) VALUES ('Europe');
INSERT INTO regions (name) VALUES ('North America');
INSERT INTO regions (name) VALUES ('Oceania');
INSERT INTO regions (name) VALUES ('South America');

-- Insert Countries
INSERT INTO countries (ioc, name, region) VALUES ('ESP', 'Spain', 'Europe');
INSERT INTO countries (ioc, name, region) VALUES ('BEL', 'Belgium', 'Europe');
INSERT INTO countries (ioc, name, region) VALUES ('ERI', 'Eritrea', 'Africa');
INSERT INTO countries (ioc, name, region) VALUES ('NOR', 'Norway', 'Europe');
INSERT INTO countries (ioc, name, region) VALUES ('FRA', 'France', 'Europe');
INSERT INTO countries (ioc, name, region) VALUES ('ITA', 'Italy', 'Europe');
INSERT INTO countries (ioc, name, region) VALUES ('SUI', 'Switzerland', 'Europe');
INSERT INTO countries (ioc, name, region) VALUES ('USA', 'United States of America', 'North America');
INSERT INTO countries (ioc, name, region) VALUES ('NED', 'Netherlands, Kingdom of the', 'Europe');
INSERT INTO countries (ioc, name, region) VALUES ('GER', 'Germany', 'Europe');
INSERT INTO countries (ioc, name, region) VALUES ('GBR', 'United Kingdom of Great Britain and Northern Ireland', 'Europe');
INSERT INTO countries (ioc, name, region) VALUES ('KAZ', 'Kazakhstan', 'Asia');
INSERT INTO countries (ioc, name, region) VALUES ('AUS', 'Australia', 'Oceania');
INSERT INTO countries (ioc, name, region) VALUES ('LAT', 'Latvia', 'Europe');
INSERT INTO countries (ioc, name, region) VALUES ('ISR', 'Israel', 'Asia');
INSERT INTO countries (ioc, name, region) VALUES ('SLO', 'Slovenia', 'Europe');
INSERT INTO countries (ioc, name, region) VALUES ('UAE', 'United Arab Emirates', 'Asia');
INSERT INTO countries (ioc, name, region) VALUES ('DEN', 'Denmark', 'Europe');
INSERT INTO countries (ioc, name, region) VALUES ('AUT', 'Austria', 'Europe');
INSERT INTO countries (ioc, name, region) VALUES ('CZE', 'Czechia', 'Europe');
INSERT INTO countries (ioc, name, region) VALUES ('BRN', 'Bahrain', 'Asia');
INSERT INTO countries (ioc, name, region) VALUES ('CAN', 'Canada', 'North America');
INSERT INTO countries (ioc, name, region) VALUES ('POR', 'Portugal', 'Europe');
INSERT INTO countries (ioc, name, region) VALUES ('IRL', 'Ireland', 'Europe');
INSERT INTO countries (ioc, name, region) VALUES ('COL', 'Colombia', 'South America');
INSERT INTO countries (ioc, name, region) VALUES ('ECU', 'Ecuador', 'South America');
INSERT INTO countries (ioc, name, region) VALUES ('NZL', 'New Zealand', 'Oceania');
INSERT INTO countries (ioc, name, region) VALUES ('POL', 'Poland', 'Europe');
INSERT INTO countries (ioc, name, region) VALUES ('ARG', 'Argentina', 'South America');

-- Insert Locations
INSERT INTO locations (name, country) VALUES ('Barcelona', 'ESP');

-- Insert Teams
INSERT INTO teams (name, country) VALUES ('ALPECIN-DECEUNINCK', 'BEL');
INSERT INTO teams (name, country) VALUES ('INTERMARCHÉ - WANTY', 'BEL');
INSERT INTO teams (name, country) VALUES ('UNO-X MOBILITY', 'NOR');
INSERT INTO teams (name, country) VALUES ('TOTALENERGIES', 'FRA');
INSERT INTO teams (name, country) VALUES ('TUDOR PRO CYCLING TEAM', 'SUI');
INSERT INTO teams (name, country) VALUES ('GROUPAMA-FDJ', 'FRA');
INSERT INTO teams (name, country) VALUES ('TEAM VISMA | LEASE A BIKE', 'NED');
INSERT INTO teams (name, country) VALUES ('INEOS GRENADIERS', 'GBR');
INSERT INTO teams (name, country) VALUES ('XDS ASTANA TEAM', 'KAZ');
INSERT INTO teams (name, country) VALUES ('MOVISTAR TEAM', 'ESP');
INSERT INTO teams (name, country) VALUES ('TEAM PICNIC POSTNL', 'NED');
INSERT INTO teams (name, country) VALUES ('EF EDUCATION - EASYPOST', 'USA');
INSERT INTO teams (name, country) VALUES ('ISRAEL - PREMIER TECH', 'ISR');
INSERT INTO teams (name, country) VALUES ('ARKEA-B&B HOTELS', 'FRA');
INSERT INTO teams (name, country) VALUES ('COFIDIS', 'FRA');
INSERT INTO teams (name, country) VALUES ('UAE TEAM EMIRATES XRG', 'UAE');
INSERT INTO teams (name, country) VALUES ('LIDL-TREK', 'USA');
INSERT INTO teams (name, country) VALUES ('TEAM JAYCO ALULA', 'AUS');
INSERT INTO teams (name, country) VALUES ('LOTTO', 'BEL');
INSERT INTO teams (name, country) VALUES ('RED BULL - BORA - HANSGROHE', 'GER');
INSERT INTO teams (name, country) VALUES ('BAHRAIN VICTORIOUS', 'BRN');
INSERT INTO teams (name, country) VALUES ('SOUDAL QUICK-STEP', 'BEL');
INSERT INTO teams (name, country) VALUES ('DECATHLON AG2R LA MONDIALE TEAM', 'FRA');

-- Insert Riders
INSERT INTO riders (bib_number, team, name, dob, country) VALUES (101, 'ALPECIN-DECEUNINCK', 'Jasper Philipsen', '1998-03-02', 'BEL');
INSERT INTO riders (bib_number, team, name, dob, country) VALUES (41, 'INTERMARCHÉ - WANTY', 'Biniam Girmay', '2000-04-02', 'ERI');
INSERT INTO riders (bib_number, team, name, dob, country) VALUES (228, 'UNO-X MOBILITY', 'Soren Waerenskjold', '2000-03-12', 'NOR');
INSERT INTO riders (bib_number, team, name, dob, country) VALUES (187, 'TOTALENERGIES', 'Anthony Turgis', '1994-05-16', 'FRA');
INSERT INTO riders (bib_number, team, name, dob, country) VALUES (118, 'TUDOR PRO CYCLING TEAM', 'Matteo Trentin', '1989-08-02', 'ITA');
INSERT INTO riders (bib_number, team, name, dob, country) VALUES (98, 'GROUPAMA-FDJ', 'Clément Russo', '1995-01-20', 'FRA');
INSERT INTO riders (bib_number, team, name, dob, country) VALUES (97, 'GROUPAMA-FDJ', 'Paul Penhoet', '2001-12-28', 'FRA');
INSERT INTO riders (bib_number, team, name, dob, country) VALUES (15, 'TEAM VISMA | LEASE A BIKE', 'Matteo Jorgenson', '1999-07-01', 'USA');
INSERT INTO riders (bib_number, team, name, dob, country) VALUES (116, 'TUDOR PRO CYCLING TEAM', 'Marius Mayrhofer', '2000-09-18', 'GER');
INSERT INTO riders (bib_number, team, name, dob, country) VALUES (68, 'INEOS GRENADIERS', 'Samuel Watson', '2001-09-24', 'GBR');
INSERT INTO riders (bib_number, team, name, dob, country) VALUES (177, 'XDS ASTANA TEAM', 'Mike Teunissen', '1992-08-25', 'NED');
INSERT INTO riders (bib_number, team, name, dob, country) VALUES (145, 'MOVISTAR TEAM', 'Ivan Garcia Cortina', '1995-11-20', 'ESP');
INSERT INTO riders (bib_number, team, name, dob, country) VALUES (196, 'TEAM PICNIC POSTNL', 'Niklas Märkl', '1999-03-03', 'GER');
INSERT INTO riders (bib_number, team, name, dob, country) VALUES (36, 'EF EDUCATION - EASYPOST', 'Harrison Sweeny', '1998-07-09', 'AUS');
INSERT INTO riders (bib_number, team, name, dob, country) VALUES (207, 'ISRAEL - PREMIER TECH', 'Krists Neilands', '1994-08-18', 'LAT');
INSERT INTO riders (bib_number, team, name, dob, country) VALUES (131, 'ARKEA-B&B HOTELS', 'Kévin Vauquelin', '2001-04-26', 'FRA');
INSERT INTO riders (bib_number, team, name, dob, country) VALUES (168, 'COFIDIS', 'Damien Touze', '1996-07-07', 'FRA');
INSERT INTO riders (bib_number, team, name, dob, country) VALUES (1, 'UAE TEAM EMIRATES XRG', 'Tadej Pogacar', '1998-09-21', 'SLO');
INSERT INTO riders (bib_number, team, name, dob, country) VALUES (202, 'ISRAEL - PREMIER TECH', 'Pascal Ackermann', '1994-01-17', 'GER');
INSERT INTO riders (bib_number, team, name, dob, country) VALUES (11, 'TEAM VISMA | LEASE A BIKE', 'Jonas Vingegaard', '1996-12-10', 'DEN');
INSERT INTO riders (bib_number, team, name, dob, country) VALUES (87, 'LIDL-TREK', 'Jasper Stuyven', '1992-04-17', 'BEL');
INSERT INTO riders (bib_number, team, name, dob, country) VALUES (113, 'TUDOR PRO CYCLING TEAM', 'Marco Haller', '1991-04-01', 'AUT');
INSERT INTO riders (bib_number, team, name, dob, country) VALUES (103, 'ALPECIN-DECEUNINCK', 'Kaden Groves', '1998-12-23', 'AUS');
INSERT INTO riders (bib_number, team, name, dob, country) VALUES (33, 'EF EDUCATION - EASYPOST', 'Kasper Asgreen', '1995-02-08', 'DEN');
INSERT INTO riders (bib_number, team, name, dob, country) VALUES (203, 'ISRAEL - PREMIER TECH', 'Joseph Blackmore', '2003-02-23', 'GBR');
INSERT INTO riders (bib_number, team, name, dob, country) VALUES (125, 'TEAM JAYCO ALULA', 'Luka Mezgec', '1988-06-27', 'SLO');
INSERT INTO riders (bib_number, team, name, dob, country) VALUES (13, 'TEAM VISMA | LEASE A BIKE', 'Tiesj Benoot', '1994-03-11', 'BEL');
INSERT INTO riders (bib_number, team, name, dob, country) VALUES (106, 'ALPECIN-DECEUNINCK', 'Mathieu Van Der Poel', '1995-01-19', 'NED');
INSERT INTO riders (bib_number, team, name, dob, country) VALUES (224, 'UNO-X MOBILITY', 'Stian Edvardsen-Fredheim', '2003-03-23', 'NOR');
INSERT INTO riders (bib_number, team, name, dob, country) VALUES (221, 'UNO-X MOBILITY', 'Tobias Johannessen', '1999-08-23', 'NOR');
INSERT INTO riders (bib_number, team, name, dob, country) VALUES (141, 'MOVISTAR TEAM', 'Enric Mas', '1995-01-07', 'ESP');
INSERT INTO riders (bib_number, team, name, dob, country) VALUES (7, 'UAE TEAM EMIRATES XRG', 'Tim Wellens', '1991-05-10', 'BEL');
INSERT INTO riders (bib_number, team, name, dob, country) VALUES (93, 'GROUPAMA-FDJ', 'Cyril Barthe', '1996-02-14', 'FRA');
INSERT INTO riders (bib_number, team, name, dob, country) VALUES (222, 'UNO-X MOBILITY', 'Jonas Abrahamsen', '1995-09-20', 'NOR');
INSERT INTO riders (bib_number, team, name, dob, country) VALUES (105, 'ALPECIN-DECEUNINCK', 'Jonas Rickaert', '1994-02-07', 'BEL');
INSERT INTO riders (bib_number, team, name, dob, country) VALUES (104, 'ALPECIN-DECEUNINCK', 'Xandro Meurisse', '1992-01-31', 'BEL');
INSERT INTO riders (bib_number, team, name, dob, country) VALUES (172, 'XDS ASTANA TEAM', 'Davide Ballerini', '1994-09-21', 'ITA');
INSERT INTO riders (bib_number, team, name, dob, country) VALUES (12, 'TEAM VISMA | LEASE A BIKE', 'Edoardo Affini', '1996-06-24', 'ITA');
INSERT INTO riders (bib_number, team, name, dob, country) VALUES (81, 'LIDL-TREK', 'Jonathan Milan', '2000-10-01', 'ITA');
INSERT INTO riders (bib_number, team, name, dob, country) VALUES (211, 'LOTTO', 'Arnaud De Lie', '2002-03-16', 'BEL');
INSERT INTO riders (bib_number, team, name, dob, country) VALUES (163, 'COFIDIS', 'Bryan Coquard', '1992-04-25', 'FRA');
INSERT INTO riders (bib_number, team, name, dob, country) VALUES (73, 'RED BULL - BORA - HANSGROHE', 'Jordi Meeus', '1998-07-01', 'BEL');
INSERT INTO riders (bib_number, team, name, dob, country) VALUES (193, 'TEAM PICNIC POSTNL', 'Pavel Bittner', '2002-10-29', 'CZE');
INSERT INTO riders (bib_number, team, name, dob, country) VALUES (112, 'TUDOR PRO CYCLING TEAM', 'Alberto Dainese', '1998-03-25', 'ITA');
INSERT INTO riders (bib_number, team, name, dob, country) VALUES (57, 'BAHRAIN VICTORIOUS', 'Robert Stannard', '1998-09-16', 'AUS');
INSERT INTO riders (bib_number, team, name, dob, country) VALUES (52, 'BAHRAIN VICTORIOUS', 'Phil Bauhaus', '1994-07-08', 'GER');
INSERT INTO riders (bib_number, team, name, dob, country) VALUES (24, 'SOUDAL QUICK-STEP', 'Tim Merlier', '1992-10-30', 'BEL');
INSERT INTO riders (bib_number, team, name, dob, country) VALUES (17, 'TEAM VISMA | LEASE A BIKE', 'Wout Van Aert', '1994-09-15', 'BEL');
INSERT INTO riders (bib_number, team, name, dob, country) VALUES (77, 'RED BULL - BORA - HANSGROHE', 'Danny Van Poppel', '1993-07-26', 'NED');
INSERT INTO riders (bib_number, team, name, dob, country) VALUES (35, 'EF EDUCATION - EASYPOST', 'Neilson Powless', '1996-09-03', 'USA');
INSERT INTO riders (bib_number, team, name, dob, country) VALUES (225, 'UNO-X MOBILITY', 'Markus Hoelgaard', '1994-10-04', 'NOR');
INSERT INTO riders (bib_number, team, name, dob, country) VALUES (153, 'DECATHLON AG2R LA MONDIALE TEAM', 'Clément Berthet', '1997-08-02', 'FRA');
INSERT INTO riders (bib_number, team, name, dob, country) VALUES (195, 'TEAM PICNIC POSTNL', 'Tobias Lund Andresen', '2002-02-08', 'DEN');
INSERT INTO riders (bib_number, team, name, dob, country) VALUES (85, 'LIDL-TREK', 'Mattias Skjelmose', '2000-09-26', 'DEN');
INSERT INTO riders (bib_number, team, name, dob, country) VALUES (213, 'LOTTO', 'Jasper De Buyst', '1993-11-24', 'BEL');
INSERT INTO riders (bib_number, team, name, dob, country) VALUES (161, 'COFIDIS', 'Emanuel Buchmann', '1992-11-18', 'GER');
INSERT INTO riders (bib_number, team, name, dob, country) VALUES (204, 'ISRAEL - PREMIER TECH', 'Guillaume Boivin', '1989-05-25', 'CAN');
INSERT INTO riders (bib_number, team, name, dob, country) VALUES (2, 'UAE TEAM EMIRATES XRG', 'Joao Almeida', '1998-08-05', 'POR');
INSERT INTO riders (bib_number, team, name, dob, country) VALUES (132, 'ARKEA-B&B HOTELS', 'Amaury Capiot', '1993-06-25', 'BEL');
INSERT INTO riders (bib_number, team, name, dob, country) VALUES (124, 'TEAM JAYCO ALULA', 'Dylan Groenewegen', '1993-06-21', 'NED');
INSERT INTO riders (bib_number, team, name, dob, country) VALUES (223, 'UNO-X MOBILITY', 'Magnus Cort Nielsen', '1993-01-16', 'DEN');
INSERT INTO riders (bib_number, team, name, dob, country) VALUES (134, 'ARKEA-B&B HOTELS', 'Arnaud Demare', '1991-08-26', 'FRA');
INSERT INTO riders (bib_number, team, name, dob, country) VALUES (165, 'COFIDIS', 'Alexis Renard', '1999-06-01', 'FRA');
INSERT INTO riders (bib_number, team, name, dob, country) VALUES (31, 'EF EDUCATION - EASYPOST', 'Ben Healy', '2000-09-11', 'IRL');
INSERT INTO riders (bib_number, team, name, dob, country) VALUES (205, 'ISRAEL - PREMIER TECH', 'Matis Louvel', '1999-07-19', 'FRA');
INSERT INTO riders (bib_number, team, name, dob, country) VALUES (156, 'DECATHLON AG2R LA MONDIALE TEAM', 'Aurélien Paret Peintre', '1996-02-27', 'FRA');
INSERT INTO riders (bib_number, team, name, dob, country) VALUES (21, 'SOUDAL QUICK-STEP', 'Remco Evenepoel', '2000-01-25', 'BEL');
INSERT INTO riders (bib_number, team, name, dob, country) VALUES (186, 'TOTALENERGIES', 'Jordan Jegat', '1999-06-07', 'FRA');
INSERT INTO riders (bib_number, team, name, dob, country) VALUES (66, 'INEOS GRENADIERS', 'Carlos Rodriguez', '2001-02-02', 'ESP');
INSERT INTO riders (bib_number, team, name, dob, country) VALUES (107, 'ALPECIN-DECEUNINCK', 'Gianni Vermeersch', '1992-11-19', 'BEL');
INSERT INTO riders (bib_number, team, name, dob, country) VALUES (51, 'BAHRAIN VICTORIOUS', 'Santiago Buitrago', '1999-09-26', 'COL');
INSERT INTO riders (bib_number, team, name, dob, country) VALUES (37, 'EF EDUCATION - EASYPOST', 'Michael Valgren', '1992-02-07', 'DEN');
INSERT INTO riders (bib_number, team, name, dob, country) VALUES (155, 'DECATHLON AG2R LA MONDIALE TEAM', 'Oliver Naesen', '1990-09-16', 'BEL');
INSERT INTO riders (bib_number, team, name, dob, country) VALUES (191, 'TEAM PICNIC POSTNL', 'Oscar Onley', '2002-10-13', 'GBR');
INSERT INTO riders (bib_number, team, name, dob, country) VALUES (151, 'DECATHLON AG2R LA MONDIALE TEAM', 'Félix Gall', '1998-02-27', 'AUT');
INSERT INTO riders (bib_number, team, name, dob, country) VALUES (28, 'SOUDAL QUICK-STEP', 'Ilan Van Wilder', '2000-05-14', 'BEL');
INSERT INTO riders (bib_number, team, name, dob, country) VALUES (23, 'SOUDAL QUICK-STEP', 'Pascal Eenkhoorn', '1997-02-08', 'NED');
INSERT INTO riders (bib_number, team, name, dob, country) VALUES (72, 'RED BULL - BORA - HANSGROHE', 'Florian Lipowitz', '2000-09-21', 'GER');
INSERT INTO riders (bib_number, team, name, dob, country) VALUES (71, 'RED BULL - BORA - HANSGROHE', 'Primoz Roglic', '1989-10-29', 'SLO');
INSERT INTO riders (bib_number, team, name, dob, country) VALUES (217, 'LOTTO', 'Lennert Van Eetvelt', '2001-07-17', 'BEL');
INSERT INTO riders (bib_number, team, name, dob, country) VALUES (95, 'GROUPAMA-FDJ', 'Valentin Madouas', '1996-07-12', 'FRA');
INSERT INTO riders (bib_number, team, name, dob, country) VALUES (91, 'GROUPAMA-FDJ', 'Guillaume Martin Guyonnet', '1993-06-09', 'FRA');
INSERT INTO riders (bib_number, team, name, dob, country) VALUES (144, 'MOVISTAR TEAM', 'Nelson Oliveira', '1989-03-06', 'POR');
INSERT INTO riders (bib_number, team, name, dob, country) VALUES (115, 'TUDOR PRO CYCLING TEAM', 'Fabian Lienhard', '1993-09-03', 'SUI');
INSERT INTO riders (bib_number, team, name, dob, country) VALUES (194, 'TEAM PICNIC POSTNL', 'Sean Flynn', '2000-03-02', 'GBR');
INSERT INTO riders (bib_number, team, name, dob, country) VALUES (67, 'INEOS GRENADIERS', 'Connor Swift', '1995-10-30', 'GBR');
INSERT INTO riders (bib_number, team, name, dob, country) VALUES (61, 'INEOS GRENADIERS', 'Geraint Thomas', '1986-05-25', 'GBR');
INSERT INTO riders (bib_number, team, name, dob, country) VALUES (184, 'TOTALENERGIES', 'Thomas Gachignard', '2000-08-17', 'FRA');
INSERT INTO riders (bib_number, team, name, dob, country) VALUES (3, 'UAE TEAM EMIRATES XRG', 'Jhonatan Narvaez', '1997-03-04', 'ECU');
INSERT INTO riders (bib_number, team, name, dob, country) VALUES (44, 'INTERMARCHÉ - WANTY', 'Hugo Page', '2001-07-24', 'FRA');
INSERT INTO riders (bib_number, team, name, dob, country) VALUES (181, 'TOTALENERGIES', 'Steff Cras', '1996-02-13', 'BEL');
INSERT INTO riders (bib_number, team, name, dob, country) VALUES (158, 'DECATHLON AG2R LA MONDIALE TEAM', 'Bastien Tronchon', '2002-03-29', 'FRA');
INSERT INTO riders (bib_number, team, name, dob, country) VALUES (183, 'TOTALENERGIES', 'Alexandre Delettre', '1997-10-25', 'FRA');
INSERT INTO riders (bib_number, team, name, dob, country) VALUES (54, 'BAHRAIN VICTORIOUS', 'Jack Haig', '1993-09-06', 'AUS');
INSERT INTO riders (bib_number, team, name, dob, country) VALUES (162, 'COFIDIS', 'Alex Aranburu', '1995-09-19', 'ESP');
INSERT INTO riders (bib_number, team, name, dob, country) VALUES (114, 'TUDOR PRO CYCLING TEAM', 'Marc Hirschi', '1998-08-24', 'SUI');
INSERT INTO riders (bib_number, team, name, dob, country) VALUES (212, 'LOTTO', 'Jenno Berckmoes', '2001-02-04', 'BEL');
INSERT INTO riders (bib_number, team, name, dob, country) VALUES (166, 'COFIDIS', 'Dylan Teuns', '1992-03-01', 'BEL');
INSERT INTO riders (bib_number, team, name, dob, country) VALUES (218, 'LOTTO', 'Brent Van Moer', '1998-01-12', 'BEL');
INSERT INTO riders (bib_number, team, name, dob, country) VALUES (63, 'INEOS GRENADIERS', 'Tobias Foss', '1997-05-25', 'NOR');
INSERT INTO riders (bib_number, team, name, dob, country) VALUES (58, 'BAHRAIN VICTORIOUS', 'Fred Wright', '1999-06-13', 'GBR');
INSERT INTO riders (bib_number, team, name, dob, country) VALUES (214, 'LOTTO', 'Jarrad Drizners', '1999-05-31', 'AUS');
INSERT INTO riders (bib_number, team, name, dob, country) VALUES (32, 'EF EDUCATION - EASYPOST', 'Vincenzo Albanese', '1996-11-12', 'ITA');
INSERT INTO riders (bib_number, team, name, dob, country) VALUES (127, 'TEAM JAYCO ALULA', 'Elmar Reinders', '1992-03-14', 'NED');
INSERT INTO riders (bib_number, team, name, dob, country) VALUES (78, 'RED BULL - BORA - HANSGROHE', 'Aleksandr Vlasov', '1996-04-23', NULL);
INSERT INTO riders (bib_number, team, name, dob, country) VALUES (157, 'DECATHLON AG2R LA MONDIALE TEAM', 'Callum Scotson', '1996-08-10', 'AUS');
INSERT INTO riders (bib_number, team, name, dob, country) VALUES (192, 'TEAM PICNIC POSTNL', 'Warren Barguil', '1991-10-28', 'FRA');
INSERT INTO riders (bib_number, team, name, dob, country) VALUES (56, 'BAHRAIN VICTORIOUS', 'Matej Mohoric', '1994-10-19', 'SLO');
INSERT INTO riders (bib_number, team, name, dob, country) VALUES (34, 'EF EDUCATION - EASYPOST', 'Alex Baudin', '2001-05-25', 'FRA');
INSERT INTO riders (bib_number, team, name, dob, country) VALUES (138, 'ARKEA-B&B HOTELS', 'Clément Venturini', '1993-10-16', 'FRA');
INSERT INTO riders (bib_number, team, name, dob, country) VALUES (27, 'SOUDAL QUICK-STEP', 'Bert Van Lerberghe', '1992-09-29', 'BEL');
INSERT INTO riders (bib_number, team, name, dob, country) VALUES (86, 'LIDL-TREK', 'Toms Skujins', '1991-06-15', 'LAT');
INSERT INTO riders (bib_number, team, name, dob, country) VALUES (88, 'LIDL-TREK', 'Edward Theuns', '1991-04-30', 'BEL');
INSERT INTO riders (bib_number, team, name, dob, country) VALUES (43, 'INTERMARCHÉ - WANTY', 'Vito Braet', '2000-11-02', 'BEL');
INSERT INTO riders (bib_number, team, name, dob, country) VALUES (75, 'RED BULL - BORA - HANSGROHE', 'Laurence Pithie', '2002-07-17', 'NZL');
INSERT INTO riders (bib_number, team, name, dob, country) VALUES (82, 'LIDL-TREK', 'Simone Consonni', '1994-09-12', 'ITA');
INSERT INTO riders (bib_number, team, name, dob, country) VALUES (22, 'SOUDAL QUICK-STEP', 'Mattia Cattaneo', '1990-10-25', 'ITA');
INSERT INTO riders (bib_number, team, name, dob, country) VALUES (14, 'TEAM VISMA | LEASE A BIKE', 'Victor Campenaerts', '1991-10-28', 'BEL');
INSERT INTO riders (bib_number, team, name, dob, country) VALUES (16, 'TEAM VISMA | LEASE A BIKE', 'Sepp Kuss', '1994-09-13', 'USA');
INSERT INTO riders (bib_number, team, name, dob, country) VALUES (74, 'RED BULL - BORA - HANSGROHE', 'Gianni Moscon', '1994-04-20', 'ITA');
INSERT INTO riders (bib_number, team, name, dob, country) VALUES (76, 'RED BULL - BORA - HANSGROHE', 'Mick Van Dijke', '2000-03-15', 'NED');
INSERT INTO riders (bib_number, team, name, dob, country) VALUES (164, 'COFIDIS', 'Ion Izagirre', '1989-02-04', 'ESP');
INSERT INTO riders (bib_number, team, name, dob, country) VALUES (6, 'UAE TEAM EMIRATES XRG', 'Marc Soler', '1993-11-22', 'ESP');
INSERT INTO riders (bib_number, team, name, dob, country) VALUES (53, 'BAHRAIN VICTORIOUS', 'Kamil Gradek', '1990-09-17', 'POL');
INSERT INTO riders (bib_number, team, name, dob, country) VALUES (4, 'UAE TEAM EMIRATES XRG', 'Nils Politt', '1994-03-06', 'GER');
INSERT INTO riders (bib_number, team, name, dob, country) VALUES (227, 'UNO-X MOBILITY', 'Andreas Leknessund', '1999-05-21', 'NOR');
INSERT INTO riders (bib_number, team, name, dob, country) VALUES (226, 'UNO-X MOBILITY', 'Anders Johannessen', '1999-08-23', 'NOR');
INSERT INTO riders (bib_number, team, name, dob, country) VALUES (96, 'GROUPAMA-FDJ', 'Quentin Pacher', '1992-01-06', 'FRA');
INSERT INTO riders (bib_number, team, name, dob, country) VALUES (171, 'XDS ASTANA TEAM', 'Harold Tejada', '1997-04-27', 'COL');
INSERT INTO riders (bib_number, team, name, dob, country) VALUES (152, 'DECATHLON AG2R LA MONDIALE TEAM', 'Bruno Armirail', '1994-04-11', 'FRA');
INSERT INTO riders (bib_number, team, name, dob, country) VALUES (215, 'LOTTO', 'Sébastien Grignard', '1999-04-29', 'BEL');
INSERT INTO riders (bib_number, team, name, dob, country) VALUES (136, 'ARKEA-B&B HOTELS', 'Mathis Le Berre', '2001-04-16', 'FRA');
INSERT INTO riders (bib_number, team, name, dob, country) VALUES (62, 'INEOS GRENADIERS', 'Thymen Arensman', '1999-12-04', 'NED');
INSERT INTO riders (bib_number, team, name, dob, country) VALUES (46, 'INTERMARCHÉ - WANTY', 'Jonas Rutsch', '1998-01-24', 'GER');
INSERT INTO riders (bib_number, team, name, dob, country) VALUES (216, 'LOTTO', 'Eduardo Sepulveda', '1991-06-13', 'ARG');
INSERT INTO riders (bib_number, team, name, dob, country) VALUES (48, 'INTERMARCHÉ - WANTY', 'Georg Zimmermann', '1997-10-11', 'GER');
INSERT INTO riders (bib_number, team, name, dob, country) VALUES (146, 'MOVISTAR TEAM', 'Gregor Mühlberger', '1994-04-04', 'AUT');
INSERT INTO riders (bib_number, team, name, dob, country) VALUES (167, 'COFIDIS', 'Benjamin Thomas', '1995-09-12', 'FRA');
INSERT INTO riders (bib_number, team, name, dob, country) VALUES (148, 'MOVISTAR TEAM', 'Einer Rubio Reyes', '1998-02-22', 'COL');
INSERT INTO riders (bib_number, team, name, dob, country) VALUES (137, 'ARKEA-B&B HOTELS', 'Cristian Rodriguez', '1995-03-03', 'ESP');
INSERT INTO riders (bib_number, team, name, dob, country) VALUES (198, 'TEAM PICNIC POSTNL', 'Frank Van Den Broek', '2000-12-28', 'NED');
INSERT INTO riders (bib_number, team, name, dob, country) VALUES (84, 'LIDL-TREK', 'Quinn Simmons', '2001-05-08', 'USA');
INSERT INTO riders (bib_number, team, name, dob, country) VALUES (197, 'TEAM PICNIC POSTNL', 'Tim Naberman', '1999-05-11', 'NED');
INSERT INTO riders (bib_number, team, name, dob, country) VALUES (176, 'XDS ASTANA TEAM', 'Sergio Higuita', '1997-08-01', 'COL');
INSERT INTO riders (bib_number, team, name, dob, country) VALUES (174, 'XDS ASTANA TEAM', 'Clément Champoussin', '1998-05-29', 'FRA');
INSERT INTO riders (bib_number, team, name, dob, country) VALUES (45, 'INTERMARCHÉ - WANTY', 'Laurenz Rex', '1999-12-15', 'BEL');
INSERT INTO riders (bib_number, team, name, dob, country) VALUES (143, 'MOVISTAR TEAM', 'Pablo Castrillo Zapater', '2001-01-02', 'ESP');
INSERT INTO riders (bib_number, team, name, dob, country) VALUES (135, 'ARKEA-B&B HOTELS', 'Raul Garcia Pierna', '2001-02-23', 'ESP');
INSERT INTO riders (bib_number, team, name, dob, country) VALUES (94, 'GROUPAMA-FDJ', 'Romain Gregoire', '2003-01-21', 'FRA');
INSERT INTO riders (bib_number, team, name, dob, country) VALUES (133, 'ARKEA-B&B HOTELS', 'Ewen Costiou', '2002-11-10', 'FRA');
INSERT INTO riders (bib_number, team, name, dob, country) VALUES (25, 'SOUDAL QUICK-STEP', 'Valentin Paret Peintre', '2001-01-14', 'FRA');
INSERT INTO riders (bib_number, team, name, dob, country) VALUES (185, 'TOTALENERGIES', 'Emilien Jeanniere', '1998-09-26', 'FRA');
INSERT INTO riders (bib_number, team, name, dob, country) VALUES (117, 'TUDOR PRO CYCLING TEAM', 'Michael Storer', '1997-02-28', 'AUS');
INSERT INTO riders (bib_number, team, name, dob, country) VALUES (122, 'TEAM JAYCO ALULA', 'Edward Dunbar', '1996-09-01', 'IRL');
INSERT INTO riders (bib_number, team, name, dob, country) VALUES (5, 'UAE TEAM EMIRATES XRG', 'Pavel Sivakov', '1997-07-11', 'FRA');
INSERT INTO riders (bib_number, team, name, dob, country) VALUES (8, 'UAE TEAM EMIRATES XRG', 'Adam Yates', '1992-08-07', 'GBR');
INSERT INTO riders (bib_number, team, name, dob, country) VALUES (108, 'ALPECIN-DECEUNINCK', 'Emiel Verstrynge', '2002-02-04', 'BEL');
INSERT INTO riders (bib_number, team, name, dob, country) VALUES (208, 'ISRAEL - PREMIER TECH', 'Jake Stewart', '1999-10-02', 'GBR');
INSERT INTO riders (bib_number, team, name, dob, country) VALUES (206, 'ISRAEL - PREMIER TECH', 'Alexey Lutsenko', '1992-09-07', 'KAZ');
INSERT INTO riders (bib_number, team, name, dob, country) VALUES (121, 'TEAM JAYCO ALULA', 'Ben O''Connor', '1995-11-25', 'AUS');
INSERT INTO riders (bib_number, team, name, dob, country) VALUES (128, 'TEAM JAYCO ALULA', 'Mauro Schmid', '1999-12-04', 'SUI');
INSERT INTO riders (bib_number, team, name, dob, country) VALUES (38, 'EF EDUCATION - EASYPOST', 'Marijn Van Den Berg', '1999-07-19', 'NED');
INSERT INTO riders (bib_number, team, name, dob, country) VALUES (123, 'TEAM JAYCO ALULA', 'Luke Durbridge', '1991-04-09', 'AUS');
INSERT INTO riders (bib_number, team, name, dob, country) VALUES (18, 'TEAM VISMA | LEASE A BIKE', 'Simon Yates', '1992-08-07', 'GBR');
INSERT INTO riders (bib_number, team, name, dob, country) VALUES (65, 'INEOS GRENADIERS', 'Axel Laurance', '2001-04-13', 'FRA');
INSERT INTO riders (bib_number, team, name, dob, country) VALUES (102, 'ALPECIN-DECEUNINCK', 'Silvan Dillier', '1990-08-03', 'SUI');
INSERT INTO riders (bib_number, team, name, dob, country) VALUES (201, 'ISRAEL - PREMIER TECH', 'Michael Woods', '1986-10-12', 'CAN');
INSERT INTO riders (bib_number, team, name, dob, country) VALUES (178, 'XDS ASTANA TEAM', 'Simone Velasco', '1995-12-02', 'ITA');
INSERT INTO riders (bib_number, team, name, dob, country) VALUES (26, 'SOUDAL QUICK-STEP', 'Maximilian Schachmann', '1994-01-09', 'GER');
INSERT INTO riders (bib_number, team, name, dob, country) VALUES (126, 'TEAM JAYCO ALULA', 'Luke Plapp', '2000-12-25', 'AUS');
INSERT INTO riders (bib_number, team, name, dob, country) VALUES (175, 'XDS ASTANA TEAM', 'Yevgeniy Fedorov', '2000-02-16', 'KAZ');
INSERT INTO riders (bib_number, team, name, dob, country) VALUES (173, 'XDS ASTANA TEAM', 'Cees Bol', '1995-07-27', 'NED');
INSERT INTO riders (bib_number, team, name, dob, country) VALUES (111, 'TUDOR PRO CYCLING TEAM', 'Julian Alaphilippe', '1992-06-11', 'FRA');
INSERT INTO riders (bib_number, team, name, dob, country) VALUES (47, 'INTERMARCHÉ - WANTY', 'Roel Van Sintmaartensdijk', '2001-05-08', 'NED');
INSERT INTO riders (bib_number, team, name, dob, country) VALUES (42, 'INTERMARCHÉ - WANTY', 'Louis Barre', '2000-04-06', 'FRA');
INSERT INTO riders (bib_number, team, name, dob, country) VALUES (147, 'MOVISTAR TEAM', 'Ivan Romeo Abad', '2003-08-16', 'ESP');
INSERT INTO riders (bib_number, team, name, dob, country) VALUES (142, 'MOVISTAR TEAM', 'William Barta', '1996-01-04', 'USA');
INSERT INTO riders (bib_number, team, name, dob, country) VALUES (182, 'TOTALENERGIES', 'Mathieu Burgaudeau', '1998-11-17', 'FRA');
INSERT INTO riders (bib_number, team, name, dob, country) VALUES (188, 'TOTALENERGIES', 'Matteo Vercher', '2001-01-26', 'FRA');
INSERT INTO riders (bib_number, team, name, dob, country) VALUES (83, 'LIDL-TREK', 'Thibau Nys', '2002-11-12', 'BEL');
INSERT INTO riders (bib_number, team, name, dob, country) VALUES (92, 'GROUPAMA-FDJ', 'Lewis Askey', '2001-05-04', 'GBR');
INSERT INTO riders (bib_number, team, name, dob, country) VALUES (55, 'BAHRAIN VICTORIOUS', 'Lenny Martinez', '2003-07-11', 'FRA');

-- Insert stage types
INSERT INTO stage_types (type) VALUES ('flat');
INSERT INTO stage_types (type) VALUES ('hilly');
INSERT INTO stage_types (type) VALUES ('individual time-trial');
INSERT INTO stage_types (type) VALUES ('mountain');
INSERT INTO stage_types (type) VALUES ('team time-trial');

-- Insert Stage 1
INSERT INTO stages (stage_number, start_location, finish_location, type, length) VALUES (1, 'Barcelona', 'Barcelona', 'team time-trial', 19);

-- Insert Results for Stage 1
INSERT INTO results (stage_number, bib_number, time_taken, bonus, penalty, rank) VALUES (1, 101, 13991, 10, 0, 1);
INSERT INTO results (stage_number, bib_number, time_taken, bonus, penalty, rank) VALUES (1, 41, 13991, 6, 0, 2);
INSERT INTO results (stage_number, bib_number, time_taken, bonus, penalty, rank) VALUES (1, 228, 13991, 4, 0, 3);
INSERT INTO results (stage_number, bib_number, time_taken, bonus, penalty, rank) VALUES (1, 187, 13991, 0, 0, 4);
INSERT INTO results (stage_number, bib_number, time_taken, bonus, penalty, rank) VALUES (1, 118, 13991, 0, 0, 5);
INSERT INTO results (stage_number, bib_number, time_taken, bonus, penalty, rank) VALUES (1, 98, 13991, 0, 0, 6);
INSERT INTO results (stage_number, bib_number, time_taken, bonus, penalty, rank) VALUES (1, 97, 13991, 0, 0, 7);
INSERT INTO results (stage_number, bib_number, time_taken, bonus, penalty, rank) VALUES (1, 15, 13991, 0, 0, 8);
INSERT INTO results (stage_number, bib_number, time_taken, bonus, penalty, rank) VALUES (1, 116, 13991, 0, 0, 9);
INSERT INTO results (stage_number, bib_number, time_taken, bonus, penalty, rank) VALUES (1, 68, 13991, 0, 0, 10);
INSERT INTO results (stage_number, bib_number, time_taken, bonus, penalty, rank) VALUES (1, 177, 13991, 0, 0, 11);
INSERT INTO results (stage_number, bib_number, time_taken, bonus, penalty, rank) VALUES (1, 145, 13991, 0, 0, 12);
INSERT INTO results (stage_number, bib_number, time_taken, bonus, penalty, rank) VALUES (1, 196, 13991, 0, 0, 13);
INSERT INTO results (stage_number, bib_number, time_taken, bonus, penalty, rank) VALUES (1, 36, 13991, 0, 0, 14);
INSERT INTO results (stage_number, bib_number, time_taken, bonus, penalty, rank) VALUES (1, 207, 13991, 0, 0, 15);
INSERT INTO results (stage_number, bib_number, time_taken, bonus, penalty, rank) VALUES (1, 131, 13991, 0, 0, 16);
INSERT INTO results (stage_number, bib_number, time_taken, bonus, penalty, rank) VALUES (1, 168, 13991, 0, 0, 17);
INSERT INTO results (stage_number, bib_number, time_taken, bonus, penalty, rank) VALUES (1, 1, 13991, 0, 0, 18);
INSERT INTO results (stage_number, bib_number, time_taken, bonus, penalty, rank) VALUES (1, 202, 13991, 0, 0, 19);
INSERT INTO results (stage_number, bib_number, time_taken, bonus, penalty, rank) VALUES (1, 11, 13991, 0, 0, 20);
INSERT INTO results (stage_number, bib_number, time_taken, bonus, penalty, rank) VALUES (1, 87, 13991, 0, 0, 21);
INSERT INTO results (stage_number, bib_number, time_taken, bonus, penalty, rank) VALUES (1, 113, 13991, 0, 0, 22);
INSERT INTO results (stage_number, bib_number, time_taken, bonus, penalty, rank) VALUES (1, 103, 13991, 0, 0, 23);
INSERT INTO results (stage_number, bib_number, time_taken, bonus, penalty, rank) VALUES (1, 33, 13991, 0, 0, 24);
INSERT INTO results (stage_number, bib_number, time_taken, bonus, penalty, rank) VALUES (1, 203, 13991, 0, 0, 25);
INSERT INTO results (stage_number, bib_number, time_taken, bonus, penalty, rank) VALUES (1, 125, 13991, 0, 0, 26);
INSERT INTO results (stage_number, bib_number, time_taken, bonus, penalty, rank) VALUES (1, 13, 13991, 0, 0, 27);
INSERT INTO results (stage_number, bib_number, time_taken, bonus, penalty, rank) VALUES (1, 106, 13991, 0, 0, 28);
INSERT INTO results (stage_number, bib_number, time_taken, bonus, penalty, rank) VALUES (1, 224, 13991, 0, 0, 29);
INSERT INTO results (stage_number, bib_number, time_taken, bonus, penalty, rank) VALUES (1, 221, 13991, 0, 0, 30);
INSERT INTO results (stage_number, bib_number, time_taken, bonus, penalty, rank) VALUES (1, 141, 13991, 0, 0, 31);
INSERT INTO results (stage_number, bib_number, time_taken, bonus, penalty, rank) VALUES (1, 7, 13991, 0, 0, 32);
INSERT INTO results (stage_number, bib_number, time_taken, bonus, penalty, rank) VALUES (1, 93, 13991, 0, 0, 33);
INSERT INTO results (stage_number, bib_number, time_taken, bonus, penalty, rank) VALUES (1, 222, 14004, 0, 0, 34);
INSERT INTO results (stage_number, bib_number, time_taken, bonus, penalty, rank) VALUES (1, 105, 14004, 0, 0, 35);
INSERT INTO results (stage_number, bib_number, time_taken, bonus, penalty, rank) VALUES (1, 104, 14004, 0, 0, 36);
INSERT INTO results (stage_number, bib_number, time_taken, bonus, penalty, rank) VALUES (1, 172, 14011, 0, 0, 37);
INSERT INTO results (stage_number, bib_number, time_taken, bonus, penalty, rank) VALUES (1, 12, 14016, 0, 0, 38);
INSERT INTO results (stage_number, bib_number, time_taken, bonus, penalty, rank) VALUES (1, 81, 14030, 0, 0, 39);
INSERT INTO results (stage_number, bib_number, time_taken, bonus, penalty, rank) VALUES (1, 211, 14030, 0, 0, 40);
INSERT INTO results (stage_number, bib_number, time_taken, bonus, penalty, rank) VALUES (1, 163, 14030, 0, 0, 41);
INSERT INTO results (stage_number, bib_number, time_taken, bonus, penalty, rank) VALUES (1, 73, 14030, 0, 0, 42);
INSERT INTO results (stage_number, bib_number, time_taken, bonus, penalty, rank) VALUES (1, 193, 14030, 0, 0, 43);
INSERT INTO results (stage_number, bib_number, time_taken, bonus, penalty, rank) VALUES (1, 112, 14030, 0, 0, 44);
INSERT INTO results (stage_number, bib_number, time_taken, bonus, penalty, rank) VALUES (1, 57, 14030, 0, 0, 45);
INSERT INTO results (stage_number, bib_number, time_taken, bonus, penalty, rank) VALUES (1, 52, 14030, 0, 0, 46);
INSERT INTO results (stage_number, bib_number, time_taken, bonus, penalty, rank) VALUES (1, 24, 14030, 0, 0, 47);
INSERT INTO results (stage_number, bib_number, time_taken, bonus, penalty, rank) VALUES (1, 17, 14030, 0, 0, 48);
INSERT INTO results (stage_number, bib_number, time_taken, bonus, penalty, rank) VALUES (1, 77, 14030, 0, 0, 49);
INSERT INTO results (stage_number, bib_number, time_taken, bonus, penalty, rank) VALUES (1, 35, 14030, 0, 0, 50);
INSERT INTO results (stage_number, bib_number, time_taken, bonus, penalty, rank) VALUES (1, 225, 14030, 0, 0, 51);
INSERT INTO results (stage_number, bib_number, time_taken, bonus, penalty, rank) VALUES (1, 153, 14030, 0, 0, 52);
INSERT INTO results (stage_number, bib_number, time_taken, bonus, penalty, rank) VALUES (1, 195, 14030, 0, 0, 53);
INSERT INTO results (stage_number, bib_number, time_taken, bonus, penalty, rank) VALUES (1, 85, 14030, 0, 0, 54);
INSERT INTO results (stage_number, bib_number, time_taken, bonus, penalty, rank) VALUES (1, 213, 14030, 0, 0, 55);
INSERT INTO results (stage_number, bib_number, time_taken, bonus, penalty, rank) VALUES (1, 161, 14030, 0, 0, 56);
INSERT INTO results (stage_number, bib_number, time_taken, bonus, penalty, rank) VALUES (1, 204, 14030, 0, 0, 57);
INSERT INTO results (stage_number, bib_number, time_taken, bonus, penalty, rank) VALUES (1, 2, 14030, 0, 0, 58);
INSERT INTO results (stage_number, bib_number, time_taken, bonus, penalty, rank) VALUES (1, 132, 14030, 0, 0, 59);
INSERT INTO results (stage_number, bib_number, time_taken, bonus, penalty, rank) VALUES (1, 124, 14030, 0, 0, 60);
INSERT INTO results (stage_number, bib_number, time_taken, bonus, penalty, rank) VALUES (1, 223, 14030, 0, 0, 61);
INSERT INTO results (stage_number, bib_number, time_taken, bonus, penalty, rank) VALUES (1, 134, 14030, 0, 0, 62);
INSERT INTO results (stage_number, bib_number, time_taken, bonus, penalty, rank) VALUES (1, 165, 14030, 0, 0, 63);
INSERT INTO results (stage_number, bib_number, time_taken, bonus, penalty, rank) VALUES (1, 31, 14030, 0, 0, 64);
INSERT INTO results (stage_number, bib_number, time_taken, bonus, penalty, rank) VALUES (1, 205, 14030, 0, 0, 65);
INSERT INTO results (stage_number, bib_number, time_taken, bonus, penalty, rank) VALUES (1, 156, 14030, 0, 0, 66);
INSERT INTO results (stage_number, bib_number, time_taken, bonus, penalty, rank) VALUES (1, 21, 14030, 0, 0, 67);
INSERT INTO results (stage_number, bib_number, time_taken, bonus, penalty, rank) VALUES (1, 186, 14030, 0, 0, 68);
INSERT INTO results (stage_number, bib_number, time_taken, bonus, penalty, rank) VALUES (1, 66, 14030, 0, 0, 69);
INSERT INTO results (stage_number, bib_number, time_taken, bonus, penalty, rank) VALUES (1, 107, 14030, 0, 0, 70);
INSERT INTO results (stage_number, bib_number, time_taken, bonus, penalty, rank) VALUES (1, 51, 14030, 0, 0, 71);
INSERT INTO results (stage_number, bib_number, time_taken, bonus, penalty, rank) VALUES (1, 37, 14030, 0, 0, 72);
INSERT INTO results (stage_number, bib_number, time_taken, bonus, penalty, rank) VALUES (1, 155, 14030, 0, 0, 73);
INSERT INTO results (stage_number, bib_number, time_taken, bonus, penalty, rank) VALUES (1, 191, 14030, 0, 0, 74);
INSERT INTO results (stage_number, bib_number, time_taken, bonus, penalty, rank) VALUES (1, 151, 14030, 0, 0, 75);
INSERT INTO results (stage_number, bib_number, time_taken, bonus, penalty, rank) VALUES (1, 28, 14030, 0, 0, 76);
INSERT INTO results (stage_number, bib_number, time_taken, bonus, penalty, rank) VALUES (1, 23, 14030, 0, 0, 77);
INSERT INTO results (stage_number, bib_number, time_taken, bonus, penalty, rank) VALUES (1, 72, 14030, 0, 0, 78);
INSERT INTO results (stage_number, bib_number, time_taken, bonus, penalty, rank) VALUES (1, 71, 14030, 0, 0, 79);
INSERT INTO results (stage_number, bib_number, time_taken, bonus, penalty, rank) VALUES (1, 217, 14030, 0, 0, 80);
INSERT INTO results (stage_number, bib_number, time_taken, bonus, penalty, rank) VALUES (1, 95, 14030, 0, 0, 81);
INSERT INTO results (stage_number, bib_number, time_taken, bonus, penalty, rank) VALUES (1, 91, 14030, 0, 0, 82);
INSERT INTO results (stage_number, bib_number, time_taken, bonus, penalty, rank) VALUES (1, 144, 14030, 0, 0, 83);
INSERT INTO results (stage_number, bib_number, time_taken, bonus, penalty, rank) VALUES (1, 115, 14030, 0, 0, 84);
INSERT INTO results (stage_number, bib_number, time_taken, bonus, penalty, rank) VALUES (1, 194, 14030, 0, 0, 85);
INSERT INTO results (stage_number, bib_number, time_taken, bonus, penalty, rank) VALUES (1, 67, 14030, 0, 0, 86);
INSERT INTO results (stage_number, bib_number, time_taken, bonus, penalty, rank) VALUES (1, 61, 14030, 0, 0, 87);
INSERT INTO results (stage_number, bib_number, time_taken, bonus, penalty, rank) VALUES (1, 184, 14030, 0, 0, 88);
INSERT INTO results (stage_number, bib_number, time_taken, bonus, penalty, rank) VALUES (1, 3, 14030, 0, 0, 89);
INSERT INTO results (stage_number, bib_number, time_taken, bonus, penalty, rank) VALUES (1, 44, 14030, 0, 0, 90);
INSERT INTO results (stage_number, bib_number, time_taken, bonus, penalty, rank) VALUES (1, 181, 14030, 0, 0, 91);
INSERT INTO results (stage_number, bib_number, time_taken, bonus, penalty, rank) VALUES (1, 158, 14030, 0, 0, 92);
INSERT INTO results (stage_number, bib_number, time_taken, bonus, penalty, rank) VALUES (1, 183, 14030, 0, 0, 93);
INSERT INTO results (stage_number, bib_number, time_taken, bonus, penalty, rank) VALUES (1, 54, 14030, 0, 0, 94);
INSERT INTO results (stage_number, bib_number, time_taken, bonus, penalty, rank) VALUES (1, 162, 14030, 0, 0, 95);
INSERT INTO results (stage_number, bib_number, time_taken, bonus, penalty, rank) VALUES (1, 114, 14030, 0, 0, 96);
INSERT INTO results (stage_number, bib_number, time_taken, bonus, penalty, rank) VALUES (1, 212, 14030, 0, 0, 97);
INSERT INTO results (stage_number, bib_number, time_taken, bonus, penalty, rank) VALUES (1, 166, 14030, 0, 0, 98);
INSERT INTO results (stage_number, bib_number, time_taken, bonus, penalty, rank) VALUES (1, 218, 14030, 0, 0, 99);
INSERT INTO results (stage_number, bib_number, time_taken, bonus, penalty, rank) VALUES (1, 63, 14030, 0, 0, 100);
INSERT INTO results (stage_number, bib_number, time_taken, bonus, penalty, rank) VALUES (1, 58, 14030, 0, 0, 101);
INSERT INTO results (stage_number, bib_number, time_taken, bonus, penalty, rank) VALUES (1, 214, 14030, 0, 0, 102);
INSERT INTO results (stage_number, bib_number, time_taken, bonus, penalty, rank) VALUES (1, 32, 14030, 0, 0, 103);
INSERT INTO results (stage_number, bib_number, time_taken, bonus, penalty, rank) VALUES (1, 127, 14057, 0, 0, 104);
INSERT INTO results (stage_number, bib_number, time_taken, bonus, penalty, rank) VALUES (1, 78, 14057, 0, 0, 105);
INSERT INTO results (stage_number, bib_number, time_taken, bonus, penalty, rank) VALUES (1, 157, 14057, 0, 0, 106);
INSERT INTO results (stage_number, bib_number, time_taken, bonus, penalty, rank) VALUES (1, 192, 14057, 0, 0, 107);
INSERT INTO results (stage_number, bib_number, time_taken, bonus, penalty, rank) VALUES (1, 56, 14057, 0, 0, 108);
INSERT INTO results (stage_number, bib_number, time_taken, bonus, penalty, rank) VALUES (1, 34, 14057, 0, 0, 109);
INSERT INTO results (stage_number, bib_number, time_taken, bonus, penalty, rank) VALUES (1, 138, 14057, 0, 0, 110);
INSERT INTO results (stage_number, bib_number, time_taken, bonus, penalty, rank) VALUES (1, 27, 14057, 0, 0, 111);
INSERT INTO results (stage_number, bib_number, time_taken, bonus, penalty, rank) VALUES (1, 86, 14077, 0, 0, 112);
INSERT INTO results (stage_number, bib_number, time_taken, bonus, penalty, rank) VALUES (1, 88, 14077, 0, 0, 113);
INSERT INTO results (stage_number, bib_number, time_taken, bonus, penalty, rank) VALUES (1, 43, 14077, 0, 0, 114);
INSERT INTO results (stage_number, bib_number, time_taken, bonus, penalty, rank) VALUES (1, 75, 14084, 0, 0, 115);
INSERT INTO results (stage_number, bib_number, time_taken, bonus, penalty, rank) VALUES (1, 82, 14084, 0, 0, 116);
INSERT INTO results (stage_number, bib_number, time_taken, bonus, penalty, rank) VALUES (1, 22, 14099, 0, 0, 117);
INSERT INTO results (stage_number, bib_number, time_taken, bonus, penalty, rank) VALUES (1, 14, 14110, 0, 0, 118);
INSERT INTO results (stage_number, bib_number, time_taken, bonus, penalty, rank) VALUES (1, 16, 14030, 0, 0, 119);
INSERT INTO results (stage_number, bib_number, time_taken, bonus, penalty, rank) VALUES (1, 74, 14125, 0, 0, 120);
INSERT INTO results (stage_number, bib_number, time_taken, bonus, penalty, rank) VALUES (1, 76, 14125, 0, 0, 121);
INSERT INTO results (stage_number, bib_number, time_taken, bonus, penalty, rank) VALUES (1, 164, 14125, 0, 0, 122);
INSERT INTO results (stage_number, bib_number, time_taken, bonus, penalty, rank) VALUES (1, 6, 14137, 0, 0, 123);
INSERT INTO results (stage_number, bib_number, time_taken, bonus, penalty, rank) VALUES (1, 53, 14137, 0, 0, 124);
INSERT INTO results (stage_number, bib_number, time_taken, bonus, penalty, rank) VALUES (1, 4, 14309, 0, 0, 125);
INSERT INTO results (stage_number, bib_number, time_taken, bonus, penalty, rank) VALUES (1, 227, 14309, 0, 0, 126);
INSERT INTO results (stage_number, bib_number, time_taken, bonus, penalty, rank) VALUES (1, 226, 14309, 0, 0, 127);
INSERT INTO results (stage_number, bib_number, time_taken, bonus, penalty, rank) VALUES (1, 96, 14309, 0, 0, 128);
INSERT INTO results (stage_number, bib_number, time_taken, bonus, penalty, rank) VALUES (1, 171, 14309, 0, 0, 129);
INSERT INTO results (stage_number, bib_number, time_taken, bonus, penalty, rank) VALUES (1, 152, 14309, 0, 0, 130);
INSERT INTO results (stage_number, bib_number, time_taken, bonus, penalty, rank) VALUES (1, 215, 14309, 0, 0, 131);
INSERT INTO results (stage_number, bib_number, time_taken, bonus, penalty, rank) VALUES (1, 136, 14309, 0, 0, 132);
INSERT INTO results (stage_number, bib_number, time_taken, bonus, penalty, rank) VALUES (1, 62, 14309, 0, 0, 133);
INSERT INTO results (stage_number, bib_number, time_taken, bonus, penalty, rank) VALUES (1, 46, 14309, 0, 0, 134);
INSERT INTO results (stage_number, bib_number, time_taken, bonus, penalty, rank) VALUES (1, 216, 14309, 0, 0, 135);
INSERT INTO results (stage_number, bib_number, time_taken, bonus, penalty, rank) VALUES (1, 48, 14309, 0, 0, 136);
INSERT INTO results (stage_number, bib_number, time_taken, bonus, penalty, rank) VALUES (1, 146, 14309, 0, 0, 137);
INSERT INTO results (stage_number, bib_number, time_taken, bonus, penalty, rank) VALUES (1, 167, 14309, 0, 0, 138);
INSERT INTO results (stage_number, bib_number, time_taken, bonus, penalty, rank) VALUES (1, 148, 14309, 0, 0, 139);
INSERT INTO results (stage_number, bib_number, time_taken, bonus, penalty, rank) VALUES (1, 137, 14309, 0, 0, 140);
INSERT INTO results (stage_number, bib_number, time_taken, bonus, penalty, rank) VALUES (1, 198, 14309, 0, 0, 141);
INSERT INTO results (stage_number, bib_number, time_taken, bonus, penalty, rank) VALUES (1, 84, 14309, 0, 0, 142);
INSERT INTO results (stage_number, bib_number, time_taken, bonus, penalty, rank) VALUES (1, 197, 14309, 0, 0, 143);
INSERT INTO results (stage_number, bib_number, time_taken, bonus, penalty, rank) VALUES (1, 176, 14309, 0, 0, 144);
INSERT INTO results (stage_number, bib_number, time_taken, bonus, penalty, rank) VALUES (1, 174, 14309, 0, 0, 145);
INSERT INTO results (stage_number, bib_number, time_taken, bonus, penalty, rank) VALUES (1, 45, 14309, 0, 0, 146);
INSERT INTO results (stage_number, bib_number, time_taken, bonus, penalty, rank) VALUES (1, 143, 14309, 0, 0, 147);
INSERT INTO results (stage_number, bib_number, time_taken, bonus, penalty, rank) VALUES (1, 135, 14309, 0, 0, 148);
INSERT INTO results (stage_number, bib_number, time_taken, bonus, penalty, rank) VALUES (1, 94, 14309, 0, 0, 149);
INSERT INTO results (stage_number, bib_number, time_taken, bonus, penalty, rank) VALUES (1, 133, 14309, 0, 0, 150);
INSERT INTO results (stage_number, bib_number, time_taken, bonus, penalty, rank) VALUES (1, 25, 14309, 0, 0, 151);
INSERT INTO results (stage_number, bib_number, time_taken, bonus, penalty, rank) VALUES (1, 185, 14309, 0, 0, 152);
INSERT INTO results (stage_number, bib_number, time_taken, bonus, penalty, rank) VALUES (1, 117, 14309, 0, 0, 153);
INSERT INTO results (stage_number, bib_number, time_taken, bonus, penalty, rank) VALUES (1, 122, 14309, 0, 0, 154);
INSERT INTO results (stage_number, bib_number, time_taken, bonus, penalty, rank) VALUES (1, 5, 14309, 0, 0, 155);
INSERT INTO results (stage_number, bib_number, time_taken, bonus, penalty, rank) VALUES (1, 8, 14309, 0, 0, 156);
INSERT INTO results (stage_number, bib_number, time_taken, bonus, penalty, rank) VALUES (1, 108, 14309, 0, 0, 157);
INSERT INTO results (stage_number, bib_number, time_taken, bonus, penalty, rank) VALUES (1, 208, 14309, 0, 0, 158);
INSERT INTO results (stage_number, bib_number, time_taken, bonus, penalty, rank) VALUES (1, 206, 14309, 0, 0, 159);
INSERT INTO results (stage_number, bib_number, time_taken, bonus, penalty, rank) VALUES (1, 121, 13991, 0, 0, 160);
INSERT INTO results (stage_number, bib_number, time_taken, bonus, penalty, rank) VALUES (1, 128, 14318, 0, 0, 161);
INSERT INTO results (stage_number, bib_number, time_taken, bonus, penalty, rank) VALUES (1, 38, 13991, 0, 0, 162);
INSERT INTO results (stage_number, bib_number, time_taken, bonus, penalty, rank) VALUES (1, 123, 14382, 0, 0, 163);
INSERT INTO results (stage_number, bib_number, time_taken, bonus, penalty, rank) VALUES (1, 18, 14382, 0, 0, 164);
INSERT INTO results (stage_number, bib_number, time_taken, bonus, penalty, rank) VALUES (1, 65, 14382, 0, 0, 165);
INSERT INTO results (stage_number, bib_number, time_taken, bonus, penalty, rank) VALUES (1, 102, 14382, 0, 0, 166);
INSERT INTO results (stage_number, bib_number, time_taken, bonus, penalty, rank) VALUES (1, 201, 14382, 0, 0, 167);
INSERT INTO results (stage_number, bib_number, time_taken, bonus, penalty, rank) VALUES (1, 178, 14382, 0, 0, 168);
INSERT INTO results (stage_number, bib_number, time_taken, bonus, penalty, rank) VALUES (1, 26, 14382, 0, 0, 169);
INSERT INTO results (stage_number, bib_number, time_taken, bonus, penalty, rank) VALUES (1, 126, 14382, 0, 0, 170);
INSERT INTO results (stage_number, bib_number, time_taken, bonus, penalty, rank) VALUES (1, 175, 14382, 0, 0, 171);
INSERT INTO results (stage_number, bib_number, time_taken, bonus, penalty, rank) VALUES (1, 173, 14382, 0, 0, 172);
INSERT INTO results (stage_number, bib_number, time_taken, bonus, penalty, rank) VALUES (1, 111, 14382, 0, 0, 173);
INSERT INTO results (stage_number, bib_number, time_taken, bonus, penalty, rank) VALUES (1, 47, 14382, 0, 0, 174);
INSERT INTO results (stage_number, bib_number, time_taken, bonus, penalty, rank) VALUES (1, 42, 14382, 0, 0, 175);
INSERT INTO results (stage_number, bib_number, time_taken, bonus, penalty, rank) VALUES (1, 147, 14382, 0, 0, 176);
INSERT INTO results (stage_number, bib_number, time_taken, bonus, penalty, rank) VALUES (1, 142, 14382, 0, 0, 177);
INSERT INTO results (stage_number, bib_number, time_taken, bonus, penalty, rank) VALUES (1, 182, 14382, 0, 0, 178);
INSERT INTO results (stage_number, bib_number, time_taken, bonus, penalty, rank) VALUES (1, 188, 14382, 0, 0, 179);
INSERT INTO results (stage_number, bib_number, time_taken, bonus, penalty, rank) VALUES (1, 83, 14382, 0, 0, 180);
INSERT INTO results (stage_number, bib_number, time_taken, bonus, penalty, rank) VALUES (1, 92, 14382, 0, 0, 181);
INSERT INTO results (stage_number, bib_number, time_taken, bonus, penalty, rank) VALUES (1, 55, 14542, 0, 0, 182);

-- Insert Exit Reasons
INSERT INTO exit_reasons VALUES ('DNS');
INSERT INTO exit_reasons VALUES ('withdrawal');

-- Insert Rider information who exited in stage 1
-- Our team has decided to find the details of the missing riders who exited in stage 1 online as
-- we felt that enforcing the bib_number in the exits table as a foreign key is important to ensure consistency in the database
-- Source: https://www.velowire.com/article/1221/en/the-participants-list-of-the-tour-de-france-2025-and-the-bib-numbers.html and google
INSERT INTO riders (bib_number, team, name, dob, country) VALUES (64, 'INEOS GRENADIERS', 'Filippo Ganna', '1996-07-25', 'ITA');
INSERT INTO riders (bib_number, team, name, dob, country) VALUES (154, 'DECATHLON AG2R LA MONDIALE TEAM', 'Stefan Bissegger', '1998-09-13', 'SUI');

-- Insert Exits
INSERT INTO exits (bib_number, stage_number, reason) VALUES (64, 1, 'withdrawal');
INSERT INTO exits (bib_number, stage_number, reason) VALUES (154, 1, 'withdrawal');